{"cameraMode":{"drawMode":0,"name":"Shaded","section":"Shading Mode"},"sceneLighting":true,"audioPlay":false,"sceneViewState":{"m_AlwaysRefresh":false,"showFog":true,"showSkybox":true,"showFlares":true,"showImageEffects":true,"showParticleSystems":true,"showVisualEffectGraphs":true,"m_FxEnabled":true},"in2DMode":false,"pivot":{"x":104.14218139648438,"y":-31.541088104248048,"z":-2.7951273918151857},"rotation":{"x":0.2580564618110657,"y":-0.008961858227849007,"z":0.0023479689843952657,"w":0.9661665558815002},"size":5.767600059509277,"orthographic":true}