{"cameraMode":{"drawMode":0,"name":"Shaded","section":"Shading Mode"},"sceneLighting":false,"audioPlay":false,"sceneViewState":{"m_AlwaysRefresh":false,"showFog":true,"showSkybox":false,"showFlares":true,"showImageEffects":true,"showParticleSystems":true,"showVisualEffectGraphs":true,"m_FxEnabled":true},"in2DMode":false,"pivot":{"x":0.10000002384185791,"y":-8.529999732971192,"z":23.200000762939454},"rotation":{"x":-0.3547583222389221,"y":-0.09540335834026337,"z":-0.035448238253593448,"w":0.9295263290405273},"size":2.922415018081665,"orthographic":false}